Farina, Alfa Romeo, 01:50.6, 1950
Fangio, Alfa Romeo, 01:51.0, 1950
Parsons, Kurtis Kraft Offenhauser, , 1950
Farina, Alfa Romeo, 02:41.6, 1950
Farina, Alfa Romeo, 04:34.1, 1950
Fangio, Alfa Romeo, 02:35.6, 1950
Fangio, Alfa Romeo, 02:00.0, 1950
Switzerland, Fangio, Alfa Romeo, 02:51.1, 1951
Indianapolis 500, Wallard, Kurtis Kraft Offenhauser, 01:07.3, 1951
Belgium, Fangio, Alfa Romeo, 04:22.1, 1951
France, Fangio, Alfa Romeo, 02:27.8, 1951
Great Britain, Farina, Alfa Romeo, 01:44.0, 1951
Germany, Fangio, Alfa Romeo, 09:55.8, 1951
Italy, Farina, Alfa Romeo, 01:56.5, 1951
Spain, Fangio, Alfa Romeo, 02:16.9, 1951
Switzerland, Taruffi, Ferrari, 02:49.1, 1952
Indianapolis 500, Vukovich, Kurtis Kraft Offenhauser, 01:06.6, 1952
Belgium, Ascari, Ferrari, 04:55.0, 1952
France, Ascari, Ferrari, 02:17.3, 1952
Great Britain, Ascari, Ferrari, 01:52.0, 1952
Germany, Ascari, Ferrari, 10:05.1, 1952
Netherlands, Ascari, Ferrari, 01:49.8, 1952
Italy, Ascari, Ferrari, 02:06.1, 1952
Argentina, Ascari, Ferrari, 01:48.4, 1953
Indianapolis 500, Vukovich, Kurtis Kraft Offenhauser, 01:06.2, 1953
Netherlands, Villoresi, Ferrari, 01:52.8, 1953
Belgium, Gonzalez, Maserati, 04:34.0, 1953
France, Fangio, Maserati, 02:41.1, 1953
Great Britain, Ascari, Ferrari, 01:50.0, 1953
Germany, Ascari, Ferrari, 09:56.0, 1953
Switzerland, Ascari, Ferrari, 02:41.3, 1953
Italy, Fangio, Maserati, 02:04.5, 1953
Argentina, Gonzalez, Ferrari, 01:48.2, 1954
Indianapolis 500, McGrath, Kurtis Kraft Offenhauser, 01:04.0, 1954
Belgium, Fangio, Maserati, 04:25.5, 1954
France, Herrmann, Mercedes-Benz, 02:32.9, 1954
Great Britain, Ascari, Maserati, 01:50.0, 1954
Germany, Kling, Mercedes-Benz, 09:55.1, 1954
Switzerland, Fangio, Mercedes-Benz, 02:39.7, 1954
Italy, Gonzalez, Ferrari, 02:00.8, 1954
Spain, Ascari, Lancia, 02:20.4, 1954
Argentina, Fangio, Mercedes-Benz, 01:48.3, 1955
Monaco, Fangio, Mercedes-Benz, 01:42.4, 1955
Indianapolis 500, Vukovich, Kurtis Kraft Offenhauser, 01:03.7, 1955
Belgium, Fangio, Mercedes-Benz, 04:20.6, 1955
Netherlands, Mieres, Maserati, 01:40.9, 1955
Great Britain, Moss, Mercedes-Benz, 02:00.4, 1955
Italy, Moss, Mercedes-Benz, 02:46.9, 1955
Argentina, Fangio, Ferrari, 01:45.3, 1956
Monaco, Fangio, Ferrari, 01:44.4, 1956
Indianapolis 500, Russo, Kurtis Kraft Novi, 01:02.3, 1956
Belgium, Moss, Maserati, 04:14.7, 1956
France, Fangio, Ferrari, 02:25.8, 1956
Great Britain, Moss, Maserati, 01:43.2, 1956
Germany, Fangio, Ferrari, 09:41.6, 1956
Italy, Moss, Maserati, 02:45.5, 1956
Argentina, Moss, Maserati, 01:44.7, 1957
Monaco, Fangio, Maserati, 01:45.6, 1957
Indianapolis 500, Rathmann, Epperly Offenhauser, 01:02.8, 1957
France, Musso, Ferrari, 02:22.4, 1957
Great Britain, Moss, Vanwall, 01:59.2, 1957
Germany, Fangio, Maserati, 09:17.4, 1957
Pescara, Moss, Vanwall, 09:44.6, 1957
Italy, Brooks, Vanwall, 01:43.7, 1957
Argentina, Fangio, Maserati, 01:41.8, 1958
Monaco, Hawthorn, Ferrari, 01:40.6, 1958
Netherlands, Moss, Vanwall, 01:37.6, 1958
Indianapolis 500, Bettenhausen, Epperly Offenhauser, 01:02.4, 1958
Belgium, Hawthorn, Ferrari, 03:58.3, 1958
France, Hawthorn, Ferrari, 02:24.9, 1958
Great Britain, Hawthorn, Ferrari, 01:40.8, 1958
Germany, Moss, Vanwall, 09:09.2, 1958
Portugal, Hawthorn, Ferrari, 02:32.3, 1958
Italy, Hill, Ferrari, 01:42.9, 1958
Morocco, Moss, Vanwall, 02:22.5, 1958
Monaco, Brabham, Cooper Climax, 01:40.4, 1959
Indianapolis 500, Thomson, Lesovsky Offenhauser, 01:01.9, 1959
Netherlands, Moss, Cooper Climax, 01:36.7, 1959
France, Moss, BRM, 02:22.8, 1959
Great Britain, Moss, BRM, 01:57.0, 1959
Germany, Brooks, Ferrari, 02:04.5, 1959
Portugal, Moss, Cooper Climax, 02:05.1, 1959
Italy, Hill, Ferrari, 01:40.4, 1959
United States, Trintignant, Cooper Climax, 03:05.0, 1959
Argentina, Moss, Cooper Climax, 01:38.9, 1960
Monaco, McLaren, Lotus Climax, 01:36.2, 1960
Indianapolis 500, Rathmann, Watson Offenhauser, 01:01.6, 1960
Netherlands, Moss, Lotus Climax, 01:33.8, 1960
Belgium, Hill, Ferrari, 03:51.9, 1960
France, Brabham, Cooper Climax, 02:17.5, 1960
Great Britain, Hill, BRM, 01:34.4, 1960
Portugal, Surtees, Lotus Climax, 02:27.5, 1960
Italy, Hill, Ferrari, 02:43.6, 1960
United States, Brabham, Cooper Climax, 01:56.3, 1960
Monaco, Ginther, Ferrari, 01:36.3, 1961
Netherlands, Clark, Lotus Climax, 01:35.5, 1961
Belgium, Ginther, Ferrari, 03:59.8, 1961
France, Hill, Ferrari, 02:27.1, 1961
Great Britain, Brooks, BRM Climax, 01:57.8, 1961
Germany, Hill, Ferrari, 08:57.8, 1961
Italy, Baghetti, Ferrari, 02:48.4, 1961
United States, Brabham, Cooper Climax, 01:18.2, 1961
Netherlands, McLaren, Cooper Climax, 01:34.4, 1962
Monaco, Clark, Lotus Climax, 01:35.5, 1962
Belgium, Clark, Lotus Climax, 03:55.6, 1962
France, Hill, BRM, 02:16.9, 1962
Great Britain, Clark, Lotus Climax, 01:55.0, 1962
Germany, Hill, BRM, 10:12.2, 1962
Italy, Hill, BRM, 01:42.3, 1962
United States, Clark, Lotus Climax, 01:15.0, 1962
South Africa, Clark, Lotus Climax, 01:31.0, 1962
Monaco, Surtees, Ferrari, 01:34.5, 1963
Belgium, Clark, Lotus Climax, 03:58.1, 1963
Netherlands, Clark, Lotus Climax, 01:33.7, 1963
France, Clark, Lotus Climax, 02:21.6, 1963
Great Britain, Surtees, Ferrari, 01:36.0, 1963
Germany, Surtees, Ferrari, 08:47.0, 1963
Italy, Clark, Lotus Climax, 01:38.9, 1963
United States, Clark, Lotus Climax, 01:14.5, 1963
Mexico, Clark, Lotus Climax, 01:58.1, 1963
South Africa, Gurney, Brabham Climax, 01:29.1, 1963
Monaco, Hill, BRM, 01:33.9, 1964
Netherlands, Clark, Lotus Climax, 01:32.8, 1964
Belgium, Gurney, Brabham Ford, 03:49.2, 1964
France, Brabham, Brabham Ford, 02:11.4, 1964
Great Britain, Clark, Lotus Climax, 01:38.8, 1964
Germany, Surtees, Ferrari, 08:39.0, 1964
Austria, Gurney, Brabham Ford, 01:10.6, 1964
Italy, Surtees, Ferrari, 01:38.8, 1964
United States, Clark, Lotus Climax, 01:12.7, 1964
Mexico, Clark, Lotus Climax, 01:58.4, 1964
South Africa, Clark, Lotus Climax, 01:27.6, 1965
Monaco, Hill, BRM, 01:31.7, 1965
Belgium, Clark, Lotus Climax, 04:12.9, 1965
France, Clark, Lotus Climax, 03:18.9, 1965
Great Britain, Hill, BRM, 01:32.2, 1965
Netherlands, Clark, Lotus Climax, 01:30.6, 1965
Germany, Clark, Lotus Climax, 08:24.1, 1965
Italy, Clark, Lotus Climax, 01:36.4, 1965
United States, Hill, BRM, 01:11.9, 1965
Mexico, Gurney, Brabham Climax, 01:55.8, 1965
Monaco, Bandini, Ferrari, 01:29.8, 1966
Belgium, Surtees, Ferrari, 04:18.7, 1966
France, Bandini, Ferrari, 02:11.3, 1966
Great Britain, Brabham, Brabham Climax, 01:37.0, 1966
Netherlands, Hulme, Brabham Climax, 01:30.6, 1966
Germany, Surtees, Cooper Maserati, 08:49.0, 1966
Italy, Scarfiotti, Ferrari, 01:32.4, 1966
United States, Surtees, Cooper Maserati, 01:09.7, 1966
Mexico, Ginther, Honda, 01:53.8, 1966
South Africa, Hulme, Brabham Repco, 01:29.9, 1967
Monaco, Clark, Lotus Climax, 01:29.5, 1967
Netherlands, Clark, Lotus Climax, 01:28.1, 1967
Belgium, Gurney, Eagle Climax, 03:31.9, 1967
France, Hill, Lotus Climax, 01:36.7, 1967
Great Britain, Hulme, Brabham Repco, 01:27.0, 1967
Germany, Gurney, Eagle Climax, 08:15.1, 1967
Canada, Clark, Lotus Climax, 01:23.1, 1967
Italy, Clark, Lotus Climax, 01:28.5, 1967
United States, Hill, Lotus Climax, 01:06.0, 1967
Mexico, Clark, Lotus Climax, 01:48.1, 1967
South Africa, Clark, Lotus Ford, 01:23.7, 1968
Spain, Beltoise, Matra Ford, 01:28.3, 1968
Monaco, Attwood, BRM, 01:28.1, 1968
Belgium, Surtees, Honda, 03:30.5, 1968
Netherlands, Beltoise, Matra Ford, 01:45.9, 1968
France, Rodriguez, BRM, 02:11.5, 1968
Great Britain, Siffert, Lotus Ford, 01:29.7, 1968
Germany, Stewart, Matra Ford, 09:36.0, 1968
Italy, Oliver, Lotus Ford, 01:26.5, 1968
Canada, Siffert, Lotus Ford, 01:35.1, 1968
United States, Stewart, Matra Ford, 01:05.2, 1968
Mexico, Siffert, Lotus Ford, 01:44.2, 1968
South Africa, Stewart, Matra Ford, 01:21.6, 1969
Spain, Rindt, Lotus Ford, 01:28.3, 1969
Monaco, Stewart, Matra Ford, 01:25.1, 1969
Netherlands, Stewart, Matra Ford, 01:22.9, 1969
France, Stewart, Matra Ford, 03:02.7, 1969
Great Britain, Stewart, Matra Ford, 01:21.3, 1969
Germany, Ickx, Brabham Climax, 07:43.8, 1969
Italy, Beltoise, Matra Ford, 01:25.2, 1969
Canada, Ickx, Brabham Climax, 01:18.1, 1969
United States, Rindt, Lotus Ford, 01:04.3, 1969
Mexico, Ickx, Brabham Climax, 01:43.0, 1969
South Africa, Surtees, McLaren Ford, 01:20.8, 1970
Spain, Brabham, Brabham Ford, 01:24.3, 1970
Monaco, Rindt, Lotus Ford, 01:23.2, 1970
Belgium, Amon, March Ford, 03:27.4, 1970
Netherlands, Ickx, Ferrari, 01:19.2, 1970
France, Brabham, Brabham Ford, 03:00.8, 1970
Great Britain, Brabham, Brabham Ford, 01:25.9, 1970
Germany, Ickx, Ferrari, 02:00.5, 1970
Austria, Ickx, Ferrari, 01:40.4, 1970
Italy, Regazzoni, Ferrari, 01:25.2, 1970
Canada, Regazzoni, Ferrari, 01:32.2, 1970
United States, Ickx, Ferrari, 01:02.7, 1970
Mexico, Ickx, Ferrari, 01:43.1, 1970
South Africa, Andretti, Ferrari, 01:20.3, 1971
Spain, Ickx, Ferrari, 01:25.1, 1971
Monaco, Stewart, Tyrrell Ford, 01:22.2, 1971
Netherlands, Ickx, Ferrari, 01:35.0, 1971
France, Stewart, Tyrrell Ford, 01:54.1, 1971
Great Britain, Stewart, Tyrrell Ford, 01:19.9, 1971
Germany, Cevert, Tyrrell Ford, 07:20.1, 1971
Austria, Siffert, BRM, 01:38.5, 1971
Italy, Pescarolo, March Ford, 01:23.8, 1971
Canada, Hulme, McLaren Ford, 01:43.5, 1971
United States, Ickx, Ferrari, 01:43.5, 1971
Argentina, Stewart, Tyrrell Ford, 01:13.7, 1972
South Africa, Hailwood, Surtees Ford, 01:18.9, 1972
Spain, Ickx, Ferrari, 01:21.0, 1972
Monaco, Beltoise, BRM, 01:40.0, 1972
Belgium, Amon, Matra, 01:12.1, 1972
France, Amon, Matra, 02:53.9, 1972
Great Britain, Stewart, Tyrrell Ford, 01:24.0, 1972
Germany, Ickx, Ferrari, 07:13.6, 1972
Austria, Hulme, McLaren Ford, 01:38.3, 1972
Italy, Ickx, Ferrari, 01:36.3, 1972
Canada, Stewart, Tyrrell Ford, 01:15.7, 1972
United States, Stewart, Tyrrell Ford, 01:41.6, 1972
Argentina, Fittipaldi, Lotus Ford, 01:11.2, 1973
Brazil, Fittipaldi, Lotus Ford, 02:35.0, 1973
South Africa, Fittipaldi, Lotus Ford, 01:17.1, 1973
Spain, Peterson, Lotus Ford, 01:23.8, 1973
Belgium, Cevert, Tyrrell Ford, 01:25.4, 1973
Monaco, Fittipaldi, Lotus Ford, 01:28.1, 1973
Sweden, Hulme, McLaren Ford, 01:26.1, 1973
France, Hulme, McLaren Ford, 01:51.0, 1973
Great Britain, Hunt, March Ford, 01:18.6, 1973
Netherlands, Peterson, Lotus Ford, 01:20.3, 1973
Germany, Pace, Surtees Ford, 07:11.4, 1973
Austria, Pace, Surtees Ford, 01:37.3, 1973
Italy, Stewart, Tyrrell Ford, 01:35.3, 1973
Canada, Fittipaldi, Lotus Ford, 01:15.5, 1973
United States, Hunt, March Ford, 01:41.7, 1973
Argentina, Regazzoni, Ferrari, 01:52.1, 1974
Brazil, Regazzoni, Ferrari, 02:36.0, 1974
South Africa, Reutemann, Brabham Ford, 01:18.2, 1974
Spain, Lauda, Ferrari, 01:20.8, 1974
Belgium, Hulme, McLaren Ford, 01:11.3, 1974
Monaco, Peterson, Lotus Ford, 01:27.9, 1974
Sweden, Depailler, Tyrrell Ford, 01:27.3, 1974
Netherlands, Peterson, Lotus Ford, 01:21.4, 1974
France, Scheckter, Tyrrell Ford, 01:00.0, 1974
Great Britain, Lauda, Ferrari, 01:21.1, 1974
Germany, Scheckter, Tyrrell Ford, 07:11.1, 1974
Austria, Regazzoni, Ferrari, 01:37.2, 1974
Italy, Pace, Brabham Ford, 01:34.2, 1974
Canada, Lauda, Ferrari, 01:13.7, 1974
United States, Pace, Brabham Ford, 01:40.6, 1974
Argentina, Hunt, Hesketh Ford, 01:50.9, 1975
Brazil, Jarier, Shadow Matra, 02:34.2, 1975
South Africa, Pace, Brabham Ford, 01:17.2, 1975
Spain, Andretti, Parnelli Ford, 01:25.1, 1975
Monaco, Depailler, Tyrrell Ford, 01:28.7, 1975
Belgium, Regazzoni, Ferrari, 01:26.8, 1975
Sweden, Lauda, Ferrari, 01:28.3, 1975
Netherlands, Lauda, Ferrari, 01:21.5, 1975
France, Mass, McLaren Ford, 01:50.6, 1975
Great Britain, Regazzoni, Ferrari, 01:20.9, 1975
Germany, Regazzoni, Ferrari, 07:06.4, 1975
Austria, Brambilla, March Ford, 01:53.9, 1975
Italy, Regazzoni, Ferrari, 01:33.1, 1975
United States, Fittipaldi, McLaren Ford, 01:43.4, 1975
Brazil, Jarier, Shadow Ford, 02:35.1, 1976
South Africa, Lauda, Ferrari, 01:18.0, 1976
USA West, Regazzoni, Ferrari, 01:23.1, 1976
Spain, Mass, McLaren Ford, 01:20.9, 1976
Belgium, Lauda, Ferrari, 01:26.0, 1976
Monaco, Regazzoni, Ferrari, 01:30.3, 1976
Sweden, Andretti, Lotus Ford, 01:28.0, 1976
France, Lauda, Ferrari, 01:51.0, 1976
Great Britain, Lauda, Ferrari, 01:19.9, 1976
Germany, Scheckter, Tyrrell Ford, 07:10.8, 1976
Austria, Hunt, McLaren Ford, 01:35.9, 1976
Netherlands, Regazzoni, Ferrari, 01:22.6, 1976
Italy, Peterson, March Ford, 01:41.3, 1976
Canada, Depailler, Tyrrell Ford, 01:13.8, 1976
USA East, Hunt, McLaren Ford, 01:42.9, 1976
Japan, Laffite, Ligier Matra, 01:20.0, 1976
Argentina, Hunt, McLaren Ford, 01:51.1, 1977
Brazil, Hunt, McLaren Ford, 02:34.6, 1977
South Africa, Watson, Brabham Alfa Romeo, 01:17.6, 1977
USA West, Lauda, Ferrari, 01:22.8, 1977
Spain, Laffite, Ligier Matra, 01:20.8, 1977
Monaco, Scheckter, Wolf Ford, 01:31.1, 1977
Belgium, Nilsson, Lotus Ford, 01:27.5, 1977
Sweden, Andretti, Lotus Ford, 01:27.6, 1977
France, Andretti, Lotus Ford, 01:13.7, 1977
Great Britain, Hunt, McLaren Ford, 01:19.6, 1977
Germany, Lauda, Ferrari, 01:56.0, 1977
Austria, Watson, Brabham Alfa Romeo, 01:41.0, 1977
Netherlands, Lauda, Ferrari, 01:20.0, 1977
Italy, Andretti, Lotus Ford, 01:39.1, 1977
USA East, Peterson, Tyrrell Ford, 01:51.9, 1977
Canada, Andretti, Lotus Ford, 01:13.3, 1977
Japan, Scheckter, Wolf Ford, 01:14.3, 1977
Argentina, Villeneuve, Ferrari, 01:49.8, 1978
Brazil, Reutemann, Ferrari, 01:43.1, 1978
South Africa, Andretti, Lotus Ford, 01:17.1, 1978
USA West, Jones, Williams Ford, 01:22.2, 1978
Monaco, Lauda, Brabham Alfa Romeo, 01:28.7, 1978
Belgium, Peterson, Lotus Ford, 01:23.1, 1978
Spain, Andretti, Lotus Ford, 01:20.1, 1978
Sweden, Lauda, Brabham Alfa Romeo, 01:24.8, 1978
France, Reutemann, Ferrari, 01:48.6, 1978
Great Britain, Lauda, Brabham Alfa Romeo, 01:18.6, 1978
Germany, Peterson, Lotus Ford, 01:55.6, 1978
Austria, Peterson, Lotus Ford, 01:43.1, 1978
Netherlands, Lauda, Brabham Alfa Romeo, 01:19.6, 1978
Italy, Andretti, Lotus Ford, 01:38.2, 1978
USA East, Jarier, Lotus Ford, 01:39.6, 1978
Canada, Jones, Williams Ford, 01:38.1, 1978
Argentina, Laffite, Ligier Ford, 01:46.9, 1979
Brazil, Laffite, Ligier Ford, 02:28.8, 1979
South Africa, Villeneuve, Ferrari, 01:14.4, 1979
USA West, Villeneuve, Ferrari, 01:21.2, 1979
Spain, Villeneuve, Ferrari, 01:16.4, 1979
Belgium, Villeneuve, Ferrari, 01:23.1, 1979
Monaco, Depailler, Ligier Ford, 01:28.8, 1979
France, Arnoux, Renault, 01:09.2, 1979
Great Britain, Regazzoni, Williams Ford, 01:14.4, 1979
Germany, Villeneuve, Ferrari, 01:51.9, 1979
Austria, Arnoux, Renault, 01:35.8, 1979
Netherlands, Villeneuve, Ferrari, 01:19.4, 1979
Italy, Regazzoni, Williams Ford, 01:35.6, 1979
Canada, Jones, Williams Ford, 01:31.3, 1979
USA East, Piquet, Brabham Ford, 01:40.1, 1979
Argentina, Jones, Williams Ford, 01:50.5, 1980
Brazil, Arnoux, Renault, 02:27.3, 1980
South Africa, Arnoux, Renault, 01:13.2, 1980
USA West, Piquet, Brabham Ford, 01:19.8, 1980
Belgium, Laffite, Ligier Ford, 01:20.9, 1980
Monaco, Reutemann, Williams Ford, 01:27.4, 1980
France, Jones, Williams Ford, 01:41.5, 1980
Great Britain, Pironi, Ligier Ford, 01:12.4, 1980
Germany, Jones, Williams Ford, 01:48.5, 1980
Austria, Arnoux, Renault, 01:32.5, 1980
Netherlands, Arnoux, Renault, 01:19.4, 1980
Italy, Jones, Williams Ford, 01:36.1, 1980
Canada, Pironi, Ligier Ford, 01:28.8, 1980
USA East, Jones, Williams Ford, 01:34.1, 1980
USA West, Jones, Williams Ford, 01:20.9, 1981
Brazil, Surer, Ensign Ford, 01:54.3, 1981
Argentina, Piquet, Brabham Ford, 01:45.3, 1981
San Marino, Villeneuve, Ferrari, 01:48.1, 1981
Belgium, Reutemann, Williams Ford, 01:23.3, 1981
Monaco, Jones, Williams Ford, 01:27.5, 1981
Spain, Jones, Williams Ford, 01:17.8, 1981
France, Prost, Renault, 01:09.1, 1981
Great Britain, Arnoux, Renault, 01:15.1, 1981
Germany, Jones, Williams Ford, 01:52.4, 1981
Austria, Laffite, Ligier Matra, 01:37.6, 1981
Netherlands, Jones, Williams Ford, 01:21.8, 1981
Italy, Reutemann, Williams Ford, 01:37.5, 1981
Canada, Watson, McLaren Ford, 01:49.5, 1981
Las Vegas, Pironi, Ferrari, 01:20.2, 1981
South Africa, Prost, Renault, 01:08.3, 1982
Brazil, Prost, Renault, 01:37.0, 1982
USA West, Lauda, McLaren Ford, 01:30.8, 1982
San Marino, Pironi, Ferrari, 01:35.0, 1982
Belgium, Watson, McLaren Ford, 01:20.2, 1982
Monaco, Patrese, Brabham Ford, 01:26.4, 1982
Detroit, Prost, Renault, 01:50.4, 1982
Canada, Pironi, Ferrari, 01:28.3, 1982
Netherlands, Warwick, Toleman Hart, 01:19.8, 1982
Great Britain, Henton, Tyrrell Ford, 01:13.0, 1982
France, Patrese, Brabham Ford, 01:40.1, 1982
Germany, Piquet, Brabham Ford, 01:54.0, 1982
Austria, Piquet, Brabham Ford, 01:33.7, 1982
Switzerland, Prost, Renault, 01:07.5, 1982
Italy, Arnoux, Renault, 01:33.6, 1982
Las Vegas, Alboreto, Tyrrell Ford, 01:19.6, 1982
Brazil, Piquet, Brabham BMW, 01:39.8, 1983
USA West, Lauda, McLaren TAG, 01:28.3, 1983
France, Prost, Renault, 01:42.7, 1983
San Marino, Patrese, Brabham BMW, 01:34.4, 1983
Monaco, Piquet, Brabham BMW, 01:27.3, 1983
Belgium, de Cesaris, Alfa Romeo, 02:07.5, 1983
Detroit, Watson, McLaren TAG, 01:47.7, 1983
Canada, Tambay, Ferrari, 01:30.9, 1983
Great Britain, Prost, Renault, 01:14.2, 1983
Germany, Arnoux, Ferrari, 01:53.9, 1983
Austria, Prost, Renault, 01:34.0, 1983
Netherlands, Arnoux, Ferrari, 01:19.9, 1983
Italy, Piquet, Brabham BMW, 01:34.4, 1983
Europe, Mansell, Lotus Ford, 01:14.3, 1983
South Africa, Piquet, Brabham BMW, 01:09.9, 1983
Brazil, Prost, McLaren TAG, 01:36.5, 1984
South Africa, Tambay, Renault, 01:08.9, 1984
Belgium, Arnoux, Ferrari, 01:19.3, 1984
San Marino, Piquet, Brabham BMW, 01:33.3, 1984
France, Prost, McLaren TAG, 01:05.3, 1984
Monaco, Senna, Toleman Hart, 01:54.3, 1984
Canada, Piquet, Brabham BMW, 01:28.8, 1984
Detroit, Warwick, Renault, 01:46.2, 1984
Dallas, Lauda, McLaren TAG, 01:45.4, 1984
Great Britain, Lauda, McLaren TAG, 01:13.2, 1984
Germany, Prost, McLaren TAG, 01:53.5, 1984
Austria, Lauda, McLaren TAG, 01:32.9, 1984
Netherlands, Arnoux, Ferrari, 01:19.5, 1984
Italy, Lauda, McLaren TAG, 01:31.9, 1984
Europe, Piquet, Brabham BMW, 01:23.1, 1984
Portugal, Lauda, McLaren TAG, 01:23.0, 1984
Brazil, Prost, McLaren TAG, 01:36.7, 1985
Portugal, Senna, Lotus Renault, 01:44.1, 1985
San Marino, Alboreto, Ferrari, 01:31.0, 1985
Monaco, Alboreto, Ferrari, 01:22.6, 1985
Canada, Senna, Lotus Renault, 01:27.4, 1985
Detroit, Senna, Lotus Renault, 01:45.6, 1985
France, Rosberg, Williams Honda, 01:39.9, 1985
Great Britain, Prost, McLaren TAG, 01:09.9, 1985
Germany, Lauda, McLaren TAG, 01:22.8, 1985
Austria, Prost, McLaren TAG, 01:29.2, 1985
Netherlands, Prost, McLaren TAG, 01:16.5, 1985
Italy, Mansell, Williams Honda, 01:28.3, 1985
Belgium, Prost, McLaren TAG, 02:01.7, 1985
Europe, Laffite, Ligier Renault, 01:11.5, 1985
South Africa, Rosberg, Williams Honda, 01:08.1, 1985
Australia, Rosberg, Williams Honda, 01:23.8, 1985
Brazil, Piquet, Williams Honda, 01:33.5, 1986
Spain, Mansell, Williams Honda, 01:27.2, 1986
San Marino, Piquet, Williams Honda, 01:28.7, 1986
Monaco, Prost, McLaren TAG, 01:26.6, 1986
Belgium, Prost, McLaren TAG, 01:59.3, 1986
Canada, Piquet, Williams Honda, 01:25.4, 1986
Detroit, Piquet, Williams Honda, 01:41.2, 1986
France, Mansell, Williams Honda, 01:10.0, 1986
Great Britain, Mansell, Williams Honda, 01:09.6, 1986
Germany, Berger, Benetton BMW, 01:46.6, 1986
Hungary, Piquet, Williams Honda, 01:31.0, 1986
Austria, Berger, Benetton BMW, 01:29.4, 1986
Italy, Fabi, Benetton BMW, 01:28.1, 1986
Portugal, Mansell, Williams Honda, 01:20.9, 1986
Mexico, Piquet, Williams Honda, 01:19.4, 1986
Australia, Piquet, Williams Honda, 01:20.8, 1986
Brazil, Piquet, Williams Honda, 01:33.9, 1987
San Marino, Fabi, Benetton Ford, 01:29.2, 1987
Belgium, Prost, McLaren TAG, 01:57.2, 1987
Monaco, Senna, Lotus Honda, 01:27.7, 1987
Detroit, Senna, Lotus Honda, 01:40.5, 1987
France, Piquet, Williams Honda, 01:09.5, 1987
Great Britain, Mansell, Williams Honda, 01:09.8, 1987
Germany, Mansell, Williams Honda, 01:45.7, 1987
Hungary, Piquet, Williams Honda, 01:30.1, 1987
Austria, Mansell, Williams Honda, 01:28.3, 1987
Italy, Senna, Lotus Honda, 01:26.8, 1987
Portugal, Berger, Ferrari, 01:19.3, 1987
Spain, Berger, Ferrari, 01:27.0, 1987
Mexico, Piquet, Williams Honda, 01:19.1, 1987
Japan, Prost, McLaren TAG, 01:43.8, 1987
Australia, Berger, Ferrari, 01:20.4, 1987
Brazil, Berger, Ferrari, 01:32.9, 1988
San Marino, Prost, McLaren Honda, 01:29.7, 1988
Monaco, Senna, McLaren Honda, 01:26.3, 1988
Mexico, Prost, McLaren Honda, 01:18.6, 1988
Canada, Senna, McLaren Honda, 01:25.0, 1988
Detroit, Prost, McLaren Honda, 01:44.8, 1988
France, Prost, McLaren Honda, 01:11.7, 1988
Great Britain, Mansell, Williams Judd, 01:23.3, 1988
Germany, Nannini, Benetton Ford, 02:03.0, 1988
Hungary, Prost, McLaren Honda, 01:30.6, 1988
Belgium, Berger, Ferrari, 02:00.8, 1988
Italy, Alboreto, Ferrari, 01:29.1, 1988
Portugal, Berger, Ferrari, 01:22.0, 1988
Spain, Prost, McLaren Honda, 01:27.8, 1988
Japan, Senna, McLaren Honda, 01:46.3, 1988
Australia, Prost, McLaren Honda, 01:21.2, 1988
Brazil, Patrese, Williams Renault, 01:32.5, 1989
San Marino, Prost, McLaren Honda, 01:26.8, 1989
Monaco, Prost, McLaren Honda, 01:25.5, 1989
Mexico, Mansell, Ferrari, 01:20.4, 1989
United States, Senna, McLaren Honda, 01:34.0, 1989
Canada, Palmer, Tyrrell Ford, 01:31.9, 1989
France, Gugelmin, March Judd, 01:12.1, 1989
Great Britain, Mansell, Ferrari, 01:12.0, 1989
Germany, Senna, McLaren Honda, 01:45.9, 1989
Hungary, Mansell, Ferrari, 01:22.6, 1989
Belgium, Prost, McLaren Honda, 02:11.6, 1989
Italy, Prost, McLaren Honda, 01:28.1, 1989
Portugal, Berger, Ferrari, 01:19.0, 1989
Spain, Senna, McLaren Honda, 01:25.8, 1989
Japan, Prost, McLaren Honda, 01:43.5, 1989
Australia, Nakajima, Lotus Judd, 01:38.5, 1989
United States, Berger, McLaren Honda, 01:31.1, 1990
Brazil, Berger, McLaren Honda, 01:19.9, 1990
San Marino, Nannini, Benetton Ford, 01:27.2, 1990
Monaco, Senna, McLaren Honda, 01:24.5, 1990
Canada, Berger, McLaren Honda, 01:22.1, 1990
Mexico, Prost, Ferrari, 01:18.0, 1990
France, Mansell, Ferrari, 01:08.0, 1990
Great Britain, Mansell, Ferrari, 01:11.3, 1990
Germany, Boutsen, Williams Renault, 01:45.6, 1990
Hungary, Patrese, Williams Renault, 01:22.1, 1990
Belgium, Prost, Ferrari, 01:55.1, 1990
Italy, Senna, McLaren Honda, 01:26.3, 1990
Portugal, Patrese, Williams Renault, 01:18.3, 1990
Spain, Patrese, Williams Renault, 01:24.5, 1990
Japan, Patrese, Williams Renault, 01:44.2, 1990
Australia, Mansell, Ferrari, 01:18.2, 1990
United States, Alesi, Ferrari, 01:26.8, 1991
Brazil, Mansell, Williams Renault, 01:20.4, 1991
San Marino, Berger, McLaren Honda, 01:26.5, 1991
Monaco, Prost, Ferrari, 01:24.4, 1991
Canada, Mansell, Williams Renault, 01:22.4, 1991
Mexico, Mansell, Williams Renault, 01:16.8, 1991
France, Mansell, Williams Renault, 01:19.2, 1991
Great Britain, Mansell, Williams Renault, 01:26.4, 1991
Germany, Patrese, Williams Renault, 01:43.6, 1991
Hungary, Gachot, Jordan Ford, 01:21.5, 1991
Belgium, Moreno, Benetton Ford, 01:55.2, 1991
Italy, Senna, McLaren Honda, 01:26.1, 1991
Portugal, Mansell, Williams Renault, 01:18.2, 1991
Spain, Patrese, Williams Renault, 01:22.8, 1991
Japan, Senna, McLaren Honda, 01:41.5, 1991
Australia, Berger, McLaren Honda, 01:41.1, 1991
South Africa, Mansell, Williams Renault, 01:17.6, 1992
Mexico, Berger, McLaren Honda, 01:17.7, 1992
Brazil, Patrese, Williams Renault, 01:19.5, 1992
Spain, Mansell, Williams Renault, 01:42.5, 1992
San Marino, Patrese, Williams Renault, 01:26.1, 1992
Monaco, Mansell, Williams Renault, 01:21.6, 1992
Canada, Berger, McLaren Honda, 01:22.3, 1992
France, Mansell, Williams Renault, 01:17.1, 1992
Great Britain, Mansell, Williams Renault, 01:22.5, 1992
Germany, Patrese, Williams Renault, 01:41.6, 1992
Hungary, Mansell, Williams Renault, 01:18.3, 1992
Belgium, Schumacher, Benetton Ford, 01:53.8, 1992
Italy, Mansell, Williams Renault, 01:26.1, 1992
Portugal, Senna, McLaren Honda, 01:16.3, 1992
Japan, Mansell, Williams Renault, 01:40.6, 1992
Australia, Schumacher, Benetton Ford, 01:16.1, 1992
South Africa, Prost, Williams Renault, 01:19.5, 1993
Brazil, Schumacher, Benetton Ford, 01:20.0, 1993
Europe, Senna, McLaren Ford, 01:18.0, 1993
San Marino, Prost, Williams Renault, 01:26.1, 1993
Spain, Schumacher, Benetton Ford, 01:21.0, 1993
Monaco, Prost, Williams Renault, 01:23.6, 1993
Canada, Schumacher, Benetton Ford, 01:21.5, 1993
France, Schumacher, Benetton Ford, 01:19.3, 1993
Great Britain, Hill, Williams Renault, 01:22.5, 1993
Germany, Schumacher, Benetton Ford, 01:41.9, 1993
Hungary, Prost, Williams Renault, 01:19.6, 1993
Belgium, Prost, Williams Renault, 01:51.1, 1993
Italy, Hill, Williams Renault, 01:23.6, 1993
Portugal, Hill, Williams Renault, 01:14.9, 1993
Japan, Prost, Williams Renault, 01:41.2, 1993
Australia, Hill, Williams Renault, 01:15.4, 1993
Brazil, Schumacher, Benetton Ford, 01:18.5, 1994
Pacific, Schumacher, Benetton Ford, 01:14.0, 1994
San Marino, Hill, Williams Renault, 01:24.3, 1994
Monaco, Schumacher, Benetton Ford, 01:21.1, 1994
Spain, Schumacher, Benetton Ford, 01:25.2, 1994
Canada, Schumacher, Benetton Ford, 01:28.9, 1994
France, Hill, Williams Renault, 01:19.7, 1994
Great Britain, Hill, Williams Renault, 01:27.1, 1994
Germany, Coulthard, Williams Renault, 01:46.2, 1994
Hungary, Schumacher, Benetton Ford, 01:20.9, 1994
Belgium, Hill, Williams Renault, 01:57.1, 1994
Italy, Hill, Williams Renault, 01:25.9, 1994
Portugal, Coulthard, Williams Renault, 01:22.4, 1994
Europe, Schumacher, Benetton Ford, 01:25.0, 1994
Japan, Hill, Williams Renault, 01:56.6, 1994
Australia, Schumacher, Benetton Ford, 01:17.1, 1994
Brazil, Schumacher, Benetton Renault, 01:20.9, 1995
Argentina, Schumacher, Benetton Renault, 01:30.5, 1995
San Marino, Berger, Ferrari, 01:29.6, 1995
Spain, Hill, Williams Renault, 01:24.5, 1995
Monaco, Alesi, Ferrari, 01:24.6, 1995
Canada, Schumacher, Benetton Renault, 01:29.2, 1995
France, Schumacher, Benetton Renault, 01:20.2, 1995
Great Britain, Hill, Williams Renault, 01:29.8, 1995
Germany, Schumacher, Benetton Renault, 01:48.8, 1995
Hungary, Hill, Williams Renault, 01:20.2, 1995
Belgium, Coulthard, Williams Renault, 01:53.4, 1995
Italy, Berger, Ferrari, 01:26.4, 1995
Portugal, Coulthard, Williams Renault, 01:23.2, 1995
Europe, Schumacher, Benetton Renault, 01:21.2, 1995
Pacific, Schumacher, Benetton Renault, 01:16.4, 1995
Japan, Schumacher, Benetton Renault, 01:43.0, 1995
Australia, Hill, Williams Renault, 01:17.9, 1995
Australia, Villeneuve, Williams Renault, 01:33.4, 1996
Brazil, Hill, Williams Renault, 01:21.5, 1996
Argentina, Alesi, Benetton Renault, 01:29.4, 1996
Europe, Hill, Williams Renault, 01:21.4, 1996
San Marino, Hill, Williams Renault, 01:28.9, 1996
Monaco, Alesi, Benetton Renault, 01:25.2, 1996
Spain, Schumacher, Ferrari, 01:45.5, 1996
Canada, Villeneuve, Williams Renault, 01:21.9, 1996
France, Villeneuve, Williams Renault, 01:18.6, 1996
Great Britain, Villeneuve, Williams Renault, 01:29.3, 1996
Germany, Hill, Williams Renault, 01:46.5, 1996
Hungary, Hill, Williams Renault, 01:20.1, 1996
Belgium, Berger, Benetton Renault, 01:53.1, 1996
Italy, Schumacher, Ferrari, 01:26.1, 1996
Portugal, Villeneuve, Williams Renault, 01:22.9, 1996
Japan, Villeneuve, Williams Renault, 01:44.0, 1996
Australia, Frentzen, Williams Renault, 01:30.6, 1997
Brazil, Villeneuve, Williams Renault, 01:18.4, 1997
Argentina, Berger, Benetton Renault, 01:28.0, 1997
San Marino, Frentzen, Williams Renault, 01:25.5, 1997
Monaco, Schumacher, Ferrari, 01:53.3, 1997
Spain, Fisichella, Jordan Peugeot, 01:22.2, 1997
Canada, Coulthard, McLaren Mercedes, 01:19.6, 1997
France, Schumacher, Ferrari, 01:17.9, 1997
Great Britain, Schumacher, Ferrari, 01:24.5, 1997
Germany, Berger, Benetton Renault, 01:45.7, 1997
Hungary, Frentzen, Williams Renault, 01:18.4, 1997
Belgium, Villeneuve, Williams Renault, 01:52.7, 1997
Italy, Hakkinen, McLaren Mercedes, 01:24.8, 1997
Austria, Villeneuve, Williams Renault, 01:11.8, 1997
Luxembourg, Frentzen, Williams Renault, 01:18.8, 1997
Japan, Frentzen, Williams Renault, 01:38.9, 1997
Europe, Frentzen, Williams Renault, 01:23.1, 1997
Australia, Hakkinen, McLaren Mercedes, 01:31.6, 1998
Brazil, Hakkinen, McLaren Mercedes, 01:19.3, 1998
Argentina, Wurz, Benetton Playlife, 01:28.2, 1998
San Marino, Schumacher, Ferrari, 01:29.3, 1998
Spain, Hakkinen, McLaren Mercedes, 01:24.3, 1998
Monaco, Hakkinen, McLaren Mercedes, 01:22.9, 1998
Canada, Schumacher, Ferrari, 01:19.4, 1998
France, Coulthard, McLaren Mercedes, 01:17.5, 1998
Great Britain, Schumacher, Ferrari, 01:35.7, 1998
Austria, Coulthard, McLaren Mercedes, 01:12.9, 1998
Germany, Coulthard, McLaren Mercedes, 01:46.1, 1998
Hungary, Schumacher, Ferrari, 01:19.3, 1998
Belgium, Schumacher, Ferrari, 02:03.8, 1998
Italy, Hakkinen, McLaren Mercedes, 01:25.1, 1998
Luxembourg, Hakkinen, McLaren Mercedes, 01:20.4, 1998
Japan, Schumacher, Ferrari, 01:40.2, 1998
Australia, Schumacher, Ferrari, 01:32.1, 1999
Brazil, Hakkinen, McLaren Mercedes, 01:18.4, 1999
San Marino, Schumacher, Ferrari, 01:28.5, 1999
Monaco, Hakkinen, McLaren Mercedes, 01:22.3, 1999
Spain, Schumacher, Ferrari, 01:25.0, 1999
Canada, Irvine, Ferrari, 01:20.4, 1999
France, Coulthard, McLaren Mercedes, 01:19.2, 1999
Great Britain, Hakkinen, McLaren Mercedes, 01:28.3, 1999
Austria, Hakkinen, McLaren Mercedes, 01:12.1, 1999
Germany, Coulthard, McLaren Mercedes, 01:45.3, 1999
Hungary, Coulthard, McLaren Mercedes, 01:20.7, 1999
Belgium, Hakkinen, McLaren Mercedes, 01:54.0, 1999
Italy, Schumacher, Williams Supertec, 01:25.6, 1999
Europe, Hakkinen, McLaren Mercedes, 01:21.3, 1999
Malaysia, Frentzen, Jordan Mugen Honda, 01:40.6, 1999
Japan, Schumacher, Ferrari, 01:41.3, 1999
Australia, Barrichello, Ferrari, 01:31.5, 2000
Brazil, Schumacher, Ferrari, 01:14.8, 2000
San Marino, Hakkinen, McLaren Mercedes, 01:26.5, 2000
Great Britain, Hakkinen, McLaren Mercedes, 01:26.2, 2000
Spain, Hakkinen, McLaren Mercedes, 01:24.5, 2000
Europe, Schumacher, Ferrari, 01:22.3, 2000
Monaco, Hakkinen, McLaren Mercedes, 01:21.6, 2000
Canada, Hakkinen, McLaren Mercedes, 01:19.0, 2000
France, Coulthard, McLaren Mercedes, 01:19.5, 2000
Austria, Coulthard, McLaren Mercedes, 01:11.8, 2000
Germany, Barrichello, Ferrari, 01:44.3, 2000
Hungary, Hakkinen, McLaren Mercedes, 01:20.0, 2000
Belgium, Barrichello, Ferrari, 01:53.8, 2000
Italy, Hakkinen, McLaren Mercedes, 01:25.6, 2000
United States, Coulthard, McLaren Mercedes, 01:14.7, 2000
Japan, Hakkinen, McLaren Mercedes, 01:39.2, 2000
Malaysia, Hakkinen, McLaren Mercedes, 01:38.5, 2000
Australia, Schumacher, Ferrari, 01:28.2, 2001
Malaysia, Hakkinen, McLaren Mercedes, 01:41.0, 2001
Brazil, Schumacher, Williams BMW, 01:15.7, 2001
San Marino, Schumacher, Williams BMW, 01:25.5, 2001
Spain, Schumacher, Ferrari, 01:21.2, 2001
Austria, Coulthard, McLaren Mercedes, 01:10.8, 2001
Monaco, Coulthard, McLaren Mercedes, 01:19.4, 2001
Canada, Schumacher, Williams BMW, 01:17.2, 2001
Europe, Montoya, Williams BMW, 01:18.4, 2001
France, Coulthard, McLaren Mercedes, 01:16.1, 2001
Great Britain, Hakkinen, McLaren Mercedes, 01:23.4, 2001
Germany, Montoya, Williams BMW, 01:41.8, 2001
Hungary, Hakkinen, McLaren Mercedes, 01:16.7, 2001
Belgium, Schumacher, Ferrari, 01:49.8, 2001
Italy, Schumacher, Williams BMW, 01:25.1, 2001
United States, Montoya, Williams BMW, 01:14.4, 2001
Japan, Schumacher, Williams BMW, 01:36.9, 2001
Australia, R�ikk�nen, McLaren Mercedes, 01:28.5, 2002
Malaysia, Montoya, Williams BMW, 01:38.0, 2002
Brazil, Montoya, Williams BMW, 01:16.1, 2002
San Marino, Barrichello, Ferrari, 01:24.2, 2002
Spain, Schumacher, Ferrari, 01:20.4, 2002
Austria, Schumacher, Ferrari, 01:09.3, 2002
Monaco, Barrichello, Ferrari, 01:18.0, 2002
Canada, Montoya, Williams BMW, 01:16.0, 2002
Europe, Schumacher, Ferrari, 01:32.2, 2002
Great Britain, Barrichello, Ferrari, 01:23.1, 2002
France, Coulthard, McLaren Mercedes, 01:15.0, 2002
Germany, Schumacher, Ferrari, 01:16.5, 2002
Hungary, Schumacher, Ferrari, 01:16.2, 2002
Belgium, Schumacher, Ferrari, 01:47.2, 2002
Italy, Barrichello, Ferrari, 01:23.7, 2002
United States, Barrichello, Ferrari, 01:12.7, 2002
Japan, Schumacher, Ferrari, 01:36.1, 2002
Australia, R�ikk�nen, McLaren Mercedes, 01:27.7, 2003
Malaysia, Schumacher, Ferrari, 01:36.4, 2003
Brazil, Barrichello, Ferrari, 01:22.0, 2003
San Marino, Schumacher, Ferrari, 01:22.5, 2003
Spain, Barrichello, Ferrari, 01:20.1, 2003
Austria, Schumacher, Ferrari, 01:08.3, 2003
Monaco, R�ikk�nen, McLaren Mercedes, 01:14.5, 2003
Canada, Alonso, Renault, 01:16.0, 2003
Europe, R�ikk�nen, McLaren Mercedes, 01:32.6, 2003
France, Montoya, Williams BMW, 01:15.5, 2003
Great Britain, Barrichello, Ferrari, 01:22.2, 2003
Germany, Montoya, Williams BMW, 01:14.9, 2003
Hungary, Montoya, Williams BMW, 01:22.1, 2003
Italy, Schumacher, Ferrari, 01:21.8, 2003
United States, Schumacher, Ferrari, 01:11.5, 2003
Japan, Schumacher, Williams BMW, 01:33.4, 2003
Australia, Schumacher, Ferrari, 01:24.1, 2004
Malaysia, Montoya, Williams BMW, 01:34.2, 2004
Bahrain, Schumacher, Ferrari, 01:30.3, 2004
San Marino, Schumacher, Ferrari, 01:20.4, 2004
Spain, Schumacher, Ferrari, 01:17.5, 2004
Monaco, Schumacher, Ferrari, 01:14.4, 2004
Europe, Schumacher, Ferrari, 01:29.5, 2004
Canada, Barrichello, Ferrari, 01:13.6, 2004
United States, Barrichello, Ferrari, 01:10.4, 2004
France, Schumacher, Ferrari, 01:15.4, 2004
Great Britain, Schumacher, Ferrari, 01:18.7, 2004
Germany, R�ikk�nen, McLaren Mercedes, 01:13.8, 2004
Hungary, Schumacher, Ferrari, 01:19.1, 2004
Belgium, R�ikk�nen, McLaren Mercedes, 01:45.1, 2004
Italy, Barrichello, Ferrari, 01:21.0, 2004
China, Schumacher, Ferrari, 01:32.2, 2004
Japan, Barrichello, Ferrari, 01:32.7, 2004
Brazil, Montoya, Williams BMW, 01:11.5, 2004
Australia, Alonso, Renault, 01:25.7, 2005
Malaysia, R�ikk�nen, McLaren Mercedes, 01:35.5, 2005
Bahrain, de la Rosa, McLaren Mercedes, 01:31.4, 2005
San Marino, Schumacher, Ferrari, 01:21.9, 2005
Spain, Fisichella, Renault, 01:15.6, 2005
Monaco, Schumacher, Ferrari, 01:15.8, 2005
Europe, Alonso, Renault, 01:30.7, 2005
Canada, R�ikk�nen, McLaren Mercedes, 01:14.4, 2005
United States, Schumacher, Ferrari, 01:11.5, 2005
France, R�ikk�nen, McLaren Mercedes, 01:16.4, 2005
Great Britain, R�ikk�nen, McLaren Mercedes, 01:20.5, 2005
Germany, R�ikk�nen, McLaren Mercedes, 01:14.9, 2005
Hungary, R�ikk�nen, McLaren Mercedes, 01:21.2, 2005
Turkey, Montoya, McLaren Mercedes, 01:24.8, 2005
Italy, R�ikk�nen, McLaren Mercedes, 01:21.5, 2005
Belgium, Schumacher, Toyota, 01:51.5, 2005
Brazil, R�ikk�nen, McLaren Mercedes, 01:12.3, 2005
Japan, R�ikk�nen, McLaren Mercedes, 01:31.5, 2005
China, R�ikk�nen, McLaren Mercedes, 01:33.2, 2005
Bahrain, Rosberg, Williams Cosworth, 01:32.4, 2006
Malaysia, Alonso, Renault, 01:34.8, 2006
Australia, R�ikk�nen, McLaren Mercedes, 01:26.0, 2006
San Marino, Alonso, Renault, 01:24.6, 2006
Europe, Schumacher, Ferrari, 01:32.1, 2006
Spain, Massa, Ferrari, 01:16.6, 2006
Monaco, Schumacher, Ferrari, 01:15.1, 2006
Great Britain, Alonso, Renault, 01:21.6, 2006
Canada, R�ikk�nen, McLaren Mercedes, 01:15.8, 2006
United States, Schumacher, Ferrari, 01:12.7, 2006
France, Schumacher, Ferrari, 01:17.1, 2006
Germany, Schumacher, Ferrari, 01:16.4, 2006
Hungary, Massa, Ferrari, 01:23.5, 2006
Turkey, Schumacher, Ferrari, 01:28.0, 2006
Italy, R�ikk�nen, McLaren Mercedes, 01:22.6, 2006
China, Alonso, Renault, 01:37.6, 2006
Japan, Alonso, Renault, 01:32.7, 2006
Brazil, Schumacher, Ferrari, 01:12.2, 2006
Australia, R�ikk�nen, Ferrari, 01:25.2, 2007
Malaysia, Hamilton, McLaren Mercedes, 01:36.7, 2007
Bahrain, Massa, Ferrari, 01:34.1, 2007
Spain, Massa, Ferrari, 01:22.7, 2007
Monaco, Alonso, McLaren Mercedes, 01:15.3, 2007
Canada, Alonso, McLaren Mercedes, 01:16.4, 2007
United States, R�ikk�nen, Ferrari, 01:13.1, 2007
France, Massa, Ferrari, 01:16.1, 2007
Great Britain, R�ikk�nen, Ferrari, 01:20.6, 2007
Europe, Massa, Ferrari, 01:32.9, 2007
Hungary, R�ikk�nen, Ferrari, 01:20.0, 2007
Turkey, R�ikk�nen, Ferrari, 01:27.3, 2007
Italy, Alonso, McLaren Mercedes, 01:22.9, 2007
Belgium, Massa, Ferrari, 01:48.0, 2007
Japan, Hamilton, McLaren Mercedes, 01:28.2, 2007
China, Massa, Ferrari, 01:37.5, 2007
Brazil, R�ikk�nen, Ferrari, 01:12.4, 2007
Australia, Kovalainen, McLaren Mercedes, 01:27.4, 2008
Malaysia, Heidfeld, Sauber BMW, 01:35.4, 2008
Bahrain, Kovalainen, McLaren Mercedes, 01:33.2, 2008
Spain, R�ikk�nen, Ferrari, 01:21.7, 2008
Turkey, R�ikk�nen, Ferrari, 01:26.5, 2008
Monaco, R�ikk�nen, Ferrari, 01:16.7, 2008
Canada, R�ikk�nen, Ferrari, 01:17.4, 2008
France, R�ikk�nen, Ferrari, 01:16.6, 2008
Great Britain, R�ikk�nen, Ferrari, 01:32.1, 2008
Germany, Heidfeld, Sauber BMW, 01:16.0, 2008
Hungary, R�ikk�nen, Ferrari, 01:21.2, 2008
Europe, Massa, Ferrari, 01:38.7, 2008
Belgium, R�ikk�nen, Ferrari, 01:47.9, 2008
Italy, R�ikk�nen, Ferrari, 01:28.0, 2008
Singapore, R�ikk�nen, Ferrari, 01:45.6, 2008
Japan, Massa, Ferrari, 01:18.4, 2008
China, Hamilton, McLaren Mercedes, 01:36.3, 2008
Brazil, Massa, Ferrari, 01:13.7, 2008
Australia, Rosberg, Williams Toyota, 01:27.7, 2009
Malaysia, Button, Brawn Mercedes, 01:36.6, 2009
China, Barrichello, Brawn Mercedes, 01:52.6, 2009
Bahrain, Trulli, Toyota, 01:34.6, 2009
Spain, Barrichello, Brawn Mercedes, 01:22.8, 2009
Monaco, Massa, Ferrari, 01:15.2, 2009
Turkey, Button, Brawn Mercedes, 01:27.6, 2009
Great Britain, Vettel, RBR Renault, 01:20.7, 2009
Germany, Alonso, Renault, 01:33.4, 2009
Hungary, Webber, RBR Renault, 01:21.9, 2009
Europe, Glock, Toyota, 01:38.7, 2009
Belgium, Vettel, RBR Renault, 01:47.3, 2009
Italy, Sutil, Force India Mercedes, 01:24.7, 2009
Singapore, Alonso, Renault, 01:48.2, 2009
Japan, Webber, RBR Renault, 01:32.6, 2009
Brazil, Webber, RBR Renault, 01:13.7, 2009
Abu Dhabi, Vettel, RBR Renault, 01:40.3, 2009
Bahrain, Alonso, Ferrari, 01:58.3, 2010
Australia, Webber, RBR Renault, 01:28.4, 2010
Malaysia, Webber, RBR Renault, 01:37.1, 2010
China, Hamilton, McLaren Mercedes, 01:42.1, 2010
Spain, Hamilton, McLaren Mercedes, 01:24.4, 2010
Monaco, Vettel, RBR Renault, 01:15.2, 2010
Turkey, Petrov, Renault, 01:29.2, 2010
Canada, Kubica, Renault, 01:17.0, 2010
Europe, Button, McLaren Mercedes, 01:38.8, 2010
Great Britain, Alonso, Ferrari, 01:30.9, 2010
Germany, Vettel, RBR Renault, 01:15.8, 2010
Hungary, Vettel, RBR Renault, 01:22.4, 2010
Belgium, Hamilton, McLaren Mercedes, 01:49.1, 2010
Italy, Alonso, Ferrari, 01:24.1, 2010
Singapore, Alonso, Ferrari, 01:48.0, 2010
Japan, Webber, RBR Renault, 01:33.5, 2010
South Korea, Alonso, Ferrari, 01:50.3, 2010
Brazil, Hamilton, McLaren Mercedes, 01:13.9, 2010
Abu Dhabi, Hamilton, McLaren Mercedes, 01:41.3, 2010
Australia, Massa, Ferrari, 01:28.9, 2011
Malaysia, Webber, Red Bull Racing Renault, 01:40.6, 2011
China, Webber, Red Bull Racing Renault, 01:39.0, 2011
Turkey, Webber, Red Bull Racing Renault, 01:29.7, 2011
Spain, Hamilton, McLaren Mercedes, 01:26.7, 2011
Monaco, Webber, Red Bull Racing Renault, 01:16.2, 2011
Canada, Button, McLaren Mercedes, 01:17.0, 2011
Europe, Vettel, Red Bull Racing Renault, 01:41.9, 2011
Great Britain, Alonso, Ferrari, 01:34.9, 2011
Germany, Hamilton, McLaren Mercedes, 01:34.3, 2011
Hungary, Massa, Ferrari, 01:23.4, 2011
Belgium, Webber, Red Bull Racing Renault, 01:49.9, 2011
Italy, Hamilton, McLaren Mercedes, 01:26.2, 2011
Singapore, Button, McLaren Mercedes, 01:48.5, 2011
Japan, Button, McLaren Mercedes, 01:36.6, 2011
South Korea, Vettel, Red Bull Racing Renault, 01:39.6, 2011
India, Vettel, Red Bull Racing Renault, 01:27.2, 2011
Abu Dhabi, Webber, Red Bull Racing Renault, 01:42.6, 2011
Brazil, Webber, Red Bull Racing Renault, 01:15.3, 2011
Australia, Button, McLaren Mercedes, 01:29.2, 2012
Malaysia, R�ikk�nen, Lotus Renault, 01:40.7, 2012
China, Kobayashi, Sauber Ferrari, 01:40.0, 2012
Bahrain, Vettel, Red Bull Racing Renault, 01:36.4, 2012
Spain, Grosjean, Lotus Renault, 01:26.3, 2012
Monaco, Perez, Sauber Ferrari, 01:17.3, 2012
Canada, Vettel, Red Bull Racing Renault, 01:15.8, 2012
Europe, Rosberg, Mercedes, 01:42.2, 2012
Great Britain, R�ikk�nen, Lotus Renault, 01:34.7, 2012
Germany, Schumacher, Mercedes, 01:18.7, 2012
Hungary, Vettel, Red Bull Racing Renault, 01:24.1, 2012
Belgium, Senna, Williams Renault, 01:52.8, 2012
Italy, Rosberg, Mercedes, 01:27.2, 2012
Singapore, Hulkenberg, Force India Mercedes, 01:51.0, 2012
Japan, Vettel, Red Bull Racing Renault, 01:35.8, 2012
South Korea, Webber, Red Bull Racing Renault, 01:42.0, 2012
India, Button, McLaren Mercedes, 01:28.2, 2012
Abu Dhabi, Vettel, Red Bull Racing Renault, 01:44.0, 2012
United States, Vettel, Red Bull Racing Renault, 01:39.3, 2012
Brazil, Hamilton, McLaren Mercedes, 01:18.1, 2012
Australia, R�ikk�nen, Lotus Renault, 01:29.3, 2013
Malaysia, Perez, McLaren Mercedes, 01:39.2, 2013
China, Vettel, Red Bull Racing Renault, 01:36.8, 2013
Bahrain, Vettel, Red Bull Racing Renault, 01:37.0, 2013
Spain, Gutierrez, Sauber Ferrari, 01:26.2, 2013
Monaco, Vettel, Red Bull Racing Renault, 01:16.6, 2013
Canada, Webber, Red Bull Racing Renault, 01:16.2, 2013
Great Britain, Webber, Red Bull Racing Renault, 01:33.4, 2013
Germany, Alonso, Ferrari, 01:33.5, 2013
Hungary, Webber, Red Bull Racing Renault, 01:24.1, 2013
Belgium, Vettel, Red Bull Racing Renault, 01:50.8, 2013
Italy, Hamilton, Mercedes, 01:25.8, 2013
Singapore, Vettel, Red Bull Racing Renault, 01:48.6, 2013
South Korea, Vettel, Red Bull Racing Renault, 01:41.4, 2013
Japan, Webber, Red Bull Racing Renault, 01:34.6, 2013
India, R�ikk�nen, Lotus Renault, 01:27.7, 2013
Abu Dhabi, Alonso, Ferrari, 01:43.4, 2013
United States, Vettel, Red Bull Racing Renault, 01:39.9, 2013
Brazil, Webber, Red Bull Racing Renault, 01:15.4, 2013
Australia, Rosberg, Mercedes, 01:32.5, 2014
Malaysia, Hamilton, Mercedes, 01:43.1, 2014
Bahrain, Rosberg, Mercedes, 01:37.0, 2014
China, Rosberg, Mercedes, 01:40.4, 2014
Spain, Vettel, Red Bull Racing Renault, 01:28.9, 2014
Monaco, R�ikk�nen, Ferrari, 01:18.5, 2014
Canada, Massa, Williams Mercedes, 01:18.5, 2014
Austria, Perez, Force India Mercedes, 01:12.1, 2014
Great Britain, Hamilton, Mercedes, 01:37.2, 2014
Germany, Hamilton, Mercedes, 01:19.9, 2014
Hungary, Rosberg, Mercedes, 01:25.7, 2014
Belgium, Rosberg, Mercedes, 01:50.5, 2014
Italy, Hamilton, Mercedes, 01:28.0, 2014
Singapore, Hamilton, Mercedes, 01:50.4, 2014
Japan, Hamilton, Mercedes, 01:51.6, 2014
Russia, Bottas, Williams Mercedes, 01:40.9, 2014
United States, Vettel, Red Bull Racing Renault, 01:41.4, 2014
Brazil, Hamilton, Mercedes, 01:13.6, 2014
Abu Dhabi, Ricciardo, Red Bull Racing Renault, 01:44.5, 2014
Australia, Hamilton, Mercedes, 01:30.9, 2015
Malaysia, Rosberg, Mercedes, 01:42.1, 2015
China, Hamilton, Mercedes, 01:42.2, 2015
Bahrain, R�ikk�nen, Ferrari, 01:36.3, 2015
Spain, Hamilton, Mercedes, 01:28.3, 2015
Monaco, Ricciardo, Red Bull Racing Renault, 01:18.1, 2015
Canada, R�ikk�nen, Ferrari, 01:17.0, 2015
Austria, Rosberg, Mercedes, 01:11.2, 2015
Great Britain, Hamilton, Mercedes, 01:37.1, 2015
Hungary, Ricciardo, Red Bull Racing Renault, 01:24.8, 2015
Belgium, Rosberg, Mercedes, 01:52.4, 2015
Italy, Hamilton, Mercedes, 01:26.7, 2015
Singapore, Ricciardo, Red Bull Racing Renault, 01:50.0, 2015
Japan, Hamilton, Mercedes, 01:36.1, 2015
Russia, Vettel, Ferrari, 01:40.1, 2015
United States, Rosberg, Mercedes, 01:40.7, 2015
Mexico, Rosberg, Mercedes, 01:20.5, 2015
Brazil, Hamilton, Mercedes, 01:14.8, 2015
Abu Dhabi, Hamilton, Mercedes, 01:44.5, 2015
Australia, Ricciardo, Red Bull Racing TAG Heuer, 01:29.0, 2016
Bahrain, Rosberg, Mercedes, 01:34.5, 2016
China, Hulkenberg, Force India Mercedes, 01:39.8, 2016
Russia, Rosberg, Mercedes, 01:39.1, 2016
Spain, Kvyat, Toro Rosso Ferrari, 01:26.9, 2016
Monaco, Hamilton, Mercedes, 01:17.9, 2016
Canada, Rosberg, Mercedes, 01:15.6, 2016
Europe, Rosberg, Mercedes, 01:46.5, 2016
Austria, Hamilton, Mercedes, 01:08.4, 2016
Great Britain, Rosberg, Mercedes, 01:35.5, 2016
Hungary, R�ikk�nen, Ferrari, 01:23.1, 2016
Germany, Ricciardo, Red Bull Racing TAG Heuer, 01:18.4, 2016
Belgium, Hamilton, Mercedes, 01:51.6, 2016
Italy, Alonso, McLaren Honda, 01:25.3, 2016
Singapore, Ricciardo, Red Bull Racing TAG Heuer, 01:47.2, 2016
Malaysia, Rosberg, Mercedes, 01:36.4, 2016
Japan, Vettel, Ferrari, 01:35.1, 2016
United States, Vettel, Ferrari, 01:39.9, 2016
Mexico, Ricciardo, Red Bull Racing TAG Heuer, 01:21.1, 2016
Brazil, Verstappen, Red Bull Racing TAG Heuer, 01:25.3, 2016
Abu Dhabi, Vettel, Ferrari, 01:43.7, 2016
Australia, R�ikk�nen, Ferrari, 01:26.5, 2017
China, Hamilton, Mercedes, 01:35.4, 2017
Bahrain, Hamilton, Mercedes, 01:32.8, 2017
Russia, R�ikk�nen, Ferrari, 01:36.8, 2017
Spain, Hamilton, Mercedes, 01:23.6, 2017
Monaco, Perez, Force India Mercedes, 01:14.8, 2017
Canada, Hamilton, Mercedes, 01:14.6, 2017
Azerbaijan, Vettel, Ferrari, 01:43.4, 2017
Austria, Hamilton, Mercedes, 01:07.4, 2017
Great Britain, Hamilton, Mercedes, 01:30.6, 2017
Hungary, Alonso, McLaren Honda, 01:20.2, 2017
Belgium, Vettel, Ferrari, 01:46.6, 2017
Italy, Ricciardo, Red Bull Racing TAG Heuer, 01:23.4, 2017
Singapore, Hamilton, Mercedes, 01:45.0, 2017
Malaysia, Vettel, Ferrari, 01:34.1, 2017
Japan, Bottas, Mercedes, 01:33.1, 2017
United States, Vettel, Ferrari, 01:37.8, 2017
Mexico, Vettel, Ferrari, 01:18.8, 2017
Brazil, Verstappen, Red Bull Racing TAG Heuer, 01:11.0, 2017
Abu Dhabi, Bottas, Mercedes, 01:40.7, 2017
Australia, Ricciardo, Red Bull Racing TAG Heuer, 01:25.9, 2018
Bahrain, Bottas, Mercedes, 01:33.7, 2018
China, Ricciardo, Red Bull Racing TAG Heuer, 01:35.8, 2018
Azerbaijan, Bottas, Mercedes, 01:45.1, 2018
Spain, Ricciardo, Red Bull Racing TAG Heuer, 01:18.4, 2018
Monaco, Verstappen, Red Bull Racing TAG Heuer, 01:14.3, 2018
Canada, Verstappen, Red Bull Racing TAG Heuer, 01:13.9, 2018
France, Bottas, Mercedes, 01:34.2, 2018
Austria, R�ikk�nen, Ferrari, 01:07.0, 2018
Great Britain, Vettel, Ferrari, 01:30.7, 2018
Germany, Hamilton, Mercedes, 01:15.5, 2018
Hungary, Ricciardo, Red Bull Racing TAG Heuer, 01:20.0, 2018
Belgium, Bottas, Mercedes, 01:46.3, 2018
Italy, Hamilton, Mercedes, 01:22.5, 2018
Singapore, Magnussen, Haas Ferrari, 01:41.9, 2018
Russia, Bottas, Mercedes, 01:35.9, 2018
Japan, Vettel, Ferrari, 01:32.3, 2018
United States, Hamilton, Mercedes, 01:37.4, 2018
Mexico, Bottas, Mercedes, 01:18.7, 2018
Brazil, Bottas, Mercedes, 01:10.5, 2018
Abu Dhabi, Vettel, Ferrari, 01:40.9, 2018
Australia, Bottas, Mercedes, 01:25.6, 2019
Bahrain, Leclerc, Ferrari, 01:33.4, 2019
China, Gasly, Red Bull Racing Honda, 01:34.7, 2019
Azerbaijan, Leclerc, Ferrari, 01:43.0, 2019
Spain, Hamilton, Mercedes, 01:18.5, 2019
Monaco, Gasly, Red Bull Racing Honda, 01:14.3, 2019
Canada, Bottas, Mercedes, 01:13.1, 2019
France, Vettel, Ferrari, 01:32.7, 2019
Austria, Verstappen, Red Bull Racing Honda, 01:07.5, 2019
Great Britain, Hamilton, Mercedes, 01:27.4, 2019
Germany, Verstappen, Red Bull Racing Honda, 01:16.6, 2019
Hungary, Verstappen, Red Bull Racing Honda, 01:17.1, 2019
Belgium, Vettel, Ferrari, 01:46.4, 2019
Italy, Hamilton, Mercedes, 01:21.8, 2019
Singapore, Magnussen, Haas Ferrari, 01:42.3, 2019
Russia, Hamilton, Mercedes, 01:35.8, 2019
Japan, Hamilton, Mercedes, 01:31.0, 2019
Mexico, Leclerc, Ferrari, 01:19.2, 2019
United States, Leclerc, Ferrari, 01:36.2, 2019
Brazil, Bottas, Mercedes, 01:10.7, 2019
Abu Dhabi, Hamilton, Mercedes, 01:39.3, 2019
Austria, Norris, McLaren Renault, 01:07.5, 2020
Styria, Sainz, McLaren Renault, 01:05.6, 2020
Hungary, Hamilton, Mercedes, 01:16.6, 2020
Great Britain, Verstappen, Red Bull Racing Honda, 01:27.1, 2020
70th Anniversary, Hamilton, Mercedes, 01:28.5, 2020
Spain, Bottas, Mercedes, 01:18.2, 2020
Belgium, Ricciardo, Renault, 01:47.5, 2020
Italy, Hamilton, Mercedes, 01:22.7, 2020
Tuscany, Hamilton, Mercedes, 01:18.8, 2020
Russia, Bottas, Mercedes, 01:37.0, 2020
Eifel, Verstappen, Red Bull Racing Honda, 01:28.1, 2020
Portugal, Hamilton, Mercedes, 01:18.7, 2020
Emilia Romagna, Hamilton, Mercedes, 01:15.5, 2020
Turkey, Norris, McLaren Renault, 01:36.8, 2020
Bahrain, Verstappen, Red Bull Racing Honda, 01:32.0, 2020
Sakhir, Russell, Mercedes, 55.404, 2020
Abu Dhabi, Ricciardo, Renault, 01:40.9, 2020
Bahrain, Bottas, Mercedes, 01:32.1, 2021
Emilia Romagna, Hamilton, Mercedes, 01:16.7, 2021
Portugal, Bottas, Mercedes, 01:19.9, 2021
Spain, Verstappen, Red Bull Racing Honda, 01:18.1, 2021
Monaco, Hamilton, Mercedes, 01:12.9, 2021
Azerbaijan, Verstappen, Red Bull Racing Honda, 01:44.5, 2021
France, Verstappen, Red Bull Racing Honda, 01:36.4, 2021
Styria, Hamilton, Mercedes, 01:07.1, 2021
Austria, Verstappen, Red Bull Racing Honda, 01:06.2, 2021
Great Britain, Perez, Red Bull Racing Honda, 01:28.6, 2021
Hungary, Gasly, AlphaTauri Honda, 01:18.4, 2021
Netherlands, Hamilton, Mercedes, 01:11.1, 2021
Italy, Ricciardo, McLaren Mercedes, 01:24.8, 2021
Russia, Norris, McLaren Mercedes, 01:37.4, 2021
Turkey, Bottas, Mercedes, 01:30.4, 2021
United States, Hamilton, Mercedes, 01:38.5, 2021
Mexico, Bottas, Mercedes, 01:17.8, 2021
Brazil, Perez, Red Bull Racing Honda, 01:11.0, 2021
Qatar, Verstappen, Red Bull Racing Honda, 01:23.2, 2021
Saudi Arabia, Hamilton, Mercedes, 01:30.7, 2021
Abu Dhabi, Verstappen, Red Bull Racing Honda, 01:26.1, 2021
